<manifest xmlns:android="http://schemas.android.com/apk/res/android"
    package="com.riiww.shopeex">

    <uses-permission android:name="android.permission.INTERNET"/>

    <application
        android:label="RiiwwShopeeX"
        android:theme="@style/Theme.AppCompat.Light.NoActionBar">

        <activity android:name=".SplashActivity">
            <intent-filter>
                <action android:name="android.intent.action.MAIN"/>
                <category android:name="android.intent.category.LAUNCHER"/>
            </intent-filter>
        </activity>

        <activity android:name=".MainActivity"/>

    </application>
</manifest>